1Z1iqUdQZAtserUq9HnztczYV36GuIxlx,,,,,,,,,,
1fUmx_-HTDIzs6ys3DKQJHBGA-HUtZD1v,Alexi,,,,,,,,,
1CzJABMlWMnwPH8bLFA9hm67LKpiI3WD3,Caro,,,,,,,,,
1xhvUrMs6sb6CglXVZcIljVjSQVfn1Nwt,Caro,Addie,,,,,,,,
1gg3BIW5kVeEtgqFJz3ku-3w5CKvIuwFd,Addie,,,,,,,,,
10OGSG_Wz1fr-6MVwGmZ4OLVnAUM-zowk,Perah,Trevor,Dana,Mikey,,,,,,
16aWqupG_z3tUvRx6DCOVetCZc3m-fzC5,Alexi,,,,,,,,,
1VjTHJaH32z9qhKTxmVIuheWYHp1rWL2j,Alexi,,,,,,,,,
1cRSOlsneqzTi95OYZxNCrMMkW5FuOjiE,Alexi,,,,,,,,,
1Ypai_IQh3-w_VmUOOuY3rLoGYSquhJ1R,Alexi ,Nick,,,,,,,,
1iPg0vOQwJZpA-lQNBvNgke65SPmHW-1x,Mikey,Alexi,,,,,,,,
1-GtfZrN7ORwKNlRNudJdJvZ7ievne5Gw,Perah,,,,,,,,,
1tiZnsoCr7wUs1uW2jhvgFvpUugQpKDoZ,Alexi,Perah,Caro,Nick,,,,,,
1VAuy__8Dd-4DLU3ai7GDH7Rq86WRst_7,Alexi,,,,,,,,,
1BkneF5LPuAxgf1cJJ2UQe1_wjnzXft8T,Alexi,,,,,,,,,
1mKl4ZigkmtIP5fCs7YWbpKCktQbgGJNf,Alexi,,,,,,,,,
1GOZ59bN3q5WAlimmdYWZ2S2_PvGMN9d1,Addie,,,,,,,,,
1oSbmMQQxCA0lIwKyMbgQeKzrlW8LZqEF,Caro,Dana,Alexi,,,,,,,
1Gyj2e8uybhHF5hpsCSH8ES8QlVaffXUZ,Cat,Emma,,,,,,,,
1idpxbaJWwkMs0vtLssUZrc6B8uDiyVOA,Alexi,,,,,,,,,
1QnPOhikclo1_p6wxPuGeDIxZG6u3o3z6,Alexi,,,,,,,,,
1z6gxUuxA_NrzcVYu-2kfBdfKREdkMUbs,Caro,Perah,Mckenna,Dana,,,,,,
1UdNvgyo2oQ7E6iEkltmIQJYveJHSwTgn,Dana,,,,,,,,,
1WLPleu_8S9x3ItCJzm5RNqkOzNmIIYV9,Addie,Caro,,,,,,,,
19nQrwvXY14ScRn8Rg8UvytDTQldQQl0s,Dana,,,,,,,,,
1jFGRxn7t__1s5IX3zieeUBApgFpY4plC,Dana,,,,,,,,,
1QBNPj4p90E-1iDn0C6ri7MEtrcNzTy0F,Dana,,,,,,,,,
1nZI1O7CDHAOxWDNv71j58r5vag4OH0Zo,Dana,,,,,,,,,
1Ybihxn-JmODyAN_jXoukq3pSSBPl1Dht,Alexi,,,,,,,,,
1Z-KdHQ0Wwk45zHL40Y4jWE2EqwrKxHHb,Alexi,,,,,,,,,
1AQt1bgQQ-6gM6Twgs4eWWefwYAJRXC3V,Alexi,Joe,,,,,,,,
1jPYo5w3QwJeOMYp3zXYlp1LaD0AYUpJR,Alexi,,,,,,,,,
1cQkuUPdntxsJcmhnYzQZm4LiGiktLaFO,Joe,,,,,,,,,
1tykI4fDh3_h8Ce8CTmV94VjSkH_RmeIx,Alexi,,,,,,,,,
1mvWfchLkz8QktuDrB4jTdIkAh4eDNJNR,Joe,,,,,,,,,
1bbiZde-_pCFeyA5yUIaqim6QYxcO5b5D,Alexi,,,,,,,,,
1868d4LBI-wEbuYSEb6bQe4c6mayh_Zbf,Syd,,,,,,,,,
1dXUWqIi3_6t7rF8-8165v3Q_jLweqGcn,Syd,,,,,,,,,
1tlxJWIL_9_OE8B19C6A-dU6fIBI_wzzi,Caro,,,,,,,,,
1dSNxvH_BaFTBZx__D7ymd6YkcLK2FPi3,Alexi,,,,,,,,,
1OoqYw7vcRHvYsRBU3nrgyhxgrq0bYgUJ,Alexi,Mckenna,Joe,Caro,,,,,,
1JhToX04Q2T7FRZL85H5I60w3IVFMWlqo,Caro,,,,,,,,,
1Au1kkxNKDU0JRP2XWJE_3vhwoA4ezpVw,Nick,,,,,,,,,
1PpHhQiVBBcBLztmv00a64vgzaYXEJi5M,Emma,,,,,,,,,
1Zw9_W7tkLJz015CPsYNI9CnqsX-q-jGP,Caro,Clarissa,,,,,,,,
1ONz9vn1h3NPY-tyX0gXMI0Zc15fBVjM5,Alexi,Joe,,,,,,,,
1iTO0aSVo5-rGbzmwNUaWAO9SNjf6cM-1,Caro,Mckenna,,,,,,,,
1ZekXeulrQIfZnvD8_2VVxmkV7EOWb-6g,Caro,,,,,,,,,
13-42ga0pfqpusCZi9XG6N2rBImPsd8op,Caro,,,,,,,,,
1qdAD7BY95_SLL4BBcPZdiX0mvIKngdMe,Alexi,Brandon,Will,,,,,,,
1A1UxkRZaXHU1II0i7ByVZBXSGFHaXrFl,Perah,,,,,,,,,
1Tl5B58S_guDZzbCHIvwPuHPIxbMEjZrX,Perah,Tegwyn,,,,,,,,
1x3jHMAnH21Zwr44QoCYXX2GEkikiaDcE,Perah,Eve,,,,,,,,
1wpNkkeSE-_B31ep7QRk8ea8U8QRmMrTA,Brandon,Caro,,,,,,,,
1-Q6uPdey28gNttP2kVT5M9DX4K8O9-M2,Perah,,,,,,,,,
1gAMOwxilXYWAgMATx6x_9QQMuFBEqVSx,Perah,,,,,,,,,
1bVPUUrIIwdXIilYve-2cU-rXLjnpo9Ec,Brandon,Tegwyn,Perah,,,,,,,
11bz-41vl3jNuSzWUD5L-FPbz8g-slrCc,Perah,,,,,,,,,
1p6FBIA0ayWf-LAAxgkah0WwGU_BwAZDN,Perah,,,,,,,,,
1DLjqsLa0yaHQr_3r19HWpQf0HqwYHE7O,Brandon,Tegwyn,,,,,,,,
1uLL_L8Gtcq7iDWCM8VK1B8hDeHXrQW4-,Tegwyn,,,,,,,,,
13VwVgSyPm9Likz-u7Rs-ZcoNTvv4byV0,Perah,,,,,,,,,
1_ge7Oda19LCUckfJk6xw4FZWap2Tflu-,Tegwyn,Perah,,,,,,,,
1xa-xJqGLPE_h7KlryuXOz9oTyUhvm-fP,Perah,,,,,,,,,
1QPoWZcFBHlEVXWaZYi_CJuFHpr9ipDRM,Caro,Eve,,,,,,,,
1ZT19Gvyr1i6Zl536vqRYh6Hj23CUwMKz,Eve,Syd,,,,,,,,
1pAzvTnW5UAcE3WToN7rayH9woU0e9BDX,Alexi,,,,,,,,,
1tY3Y44sBIOQpLf4t0qB3zpKY445bMC8O,Alexi,,,,,,,,,
1Adv17AxZ1_5IZV6-pyFKmz7GVNv8Avyq,Caro,Alexi,,,,,,,,
1m44fkcWlrQ1hkicdpiQTSxfbdgnUsV2U,Mckenna,Alexi,Caro,,,,,,,
1q1vVbCi57e81LGBLBizICrORTPnkWLNo,Dana,Isa,,,,,,,,
1W603T2cYk0Y-V1H3deKGBF0A2lXjYhnw,Perah,,,,,,,,,
176PoerIvNOIFU8GUoehU2RuUIUh82jf0,Alexi,,,,,,,,,
1etyfwZfV9r8RwWbkSzkfMQv2jtX887Iq,Caro,Other Carolyn,,,,,,,,
1QNWvr5iqii8-aDe8eeZ7ANit3QSkSK9R,Caro,Mari Cohen,,,,,,,,
1e2VjvXXY-iHIgBIrtZ6dKYwUVtEkY9xq,Dana,Anne ,,,,,,,,
1eGMvSWO8RK3WbYjZOBudQfGECDSH3AcT,Alexi,Laura,,,,,,,,
1nHgkHOfGwR6e2aWPdxa2G1G96rYoufN7,Alexi,Isabelle,,,,,,,,
19aqtPYr3PU0Jma6IVpOenCuBDzukd19f,Addie,,,,,,,,,
1y0-qbnvO-rqRfvOqbPKRZnxyiZ8RFCeB,Addie,,,,,,,,,
1m2TOkcNfz9urz9Q8WL9evOl_GyVLO4Je,Addie,,,,,,,,,
1m67xYJi9mrPblhr9mlLj4mg0iIXFr6CU,Addie,,,,,,,,,
1taTmhN1IQxwcZIq64lhc9luezoB8maBl,Addie,,,,,,,,,
1A5BnjoKQ2QSszt4z_wvWKBnbuTiQU_kJ,Perah,Joe,,,,,,,,
1xQxTNA6J8XVdegjA-QUJLwzDzWt-MuSu,Joe,Perah,,,,,,,,
1AYlb_jIXJD3LmnK3q_xkYVskmxc6PiKX,Caro,Mckenna,,,,,,,,
1aHESqbV0Ua9oNWIYMm6e-LFoOgMBbTmz,Addie,,,,,,,,,
1sWnsNmSvfeaNCe0GABPU9KxXTn7WO8h9,Tegwyn,,,,,,,,,
19BAXvwmTs2vxWXjPrkUa4FNInlS3rvxA,Anne,,,,,,,,,
1eBBwIikKg8rQ4X3DGnTF_c8IPwhDOYs4,Isa,,,,,,,,,
1On9bC-U9jeHBFqemJg5tdp2Z5BJa6PzQ,Alexi,,,,,,,,,
1Vyk24j4jCSXUV_potV6kcCfocVH7QUVI,Caro,Other Carolyn,,,,,,,,
1FznzlxB_PGMLbrhg_wdNuQOfsnNaARNF,Caro,Maria,,,,,,,,
1qDwY9v49PXQJPuRxikXfGdPM1pHWDWHg,Tegwyn,Emma Teg,,,,,,,,
1uhCWGaU8ZBeKUC6NLLvtsnnuF9_7_C2H,Isa,Sonya,,,,,,,,
1RFX33As1eSca6UWV8Gv0aQ7NHRxJry-H,Caro,Trevor,Maria,,,,,,,
18cvPDdCwhMcpUTb6MBla9fb38PJnl6wj,Caro,Perah,Maria,Trevor,,,,,,
1gM_VPMhe97Jn9-5fcLn9eQwXYK7OCjfZ,Alexi,,,,,,,,,
1mRU_5nFvgoTQZqA-Rmb2Y2nxh_K5UiJP,Addie,Caro,,,,,,,,
16Tr0hCCAvTJntKaTkDJ4ImdZeta0r57o,Caro,Addie,,,,,,,,
18oJ3fCSbhBSTuB_H09gMIguNec5PdQfR,Caro,,,,,,,,,
1HyC0-4yU7FSY7aLppsjcgKMvzwKm-hiU,Trevor,Liz,,,,,,,,
1xPZrDct3amHt1xOhqR4KIeT1AX4JvEes,Caro,,,,,,,,,
1TE9cChKcw5hNSyL1VzrpuSHG4G2Nqijz,Sonya,,,,,,,,,
1FN03OCB8srrgMOX5Echjb2CeWFh6t0p_,Perah,Anne,Clarissa,,,,,,,
1HJNeUW-Zpr4xLOBg0GGFssBH6GXVUMRu,Cat,,,,,,,,,
1mte_VueVfavQPkO7XJ1Cc99Oeg-WmvE1,Emma,,,,,,,,,
1LvR3swobyuyLPxHjqHnOm4RIPFQTXMat,Emma,,,,,,,,,
1JTcLceC_oiFz5EaiehSyZh8f3Hhp3cJ0,Trevor,,,,,,,,,
1CQ72OLYz24vwi-U2fJznUabFeS9MBwVc,Eve,,,,,,,,,
1Fle3Cfympm0hVVLwVhw014PNBEsfmgKd,Dana,,,,,,,,,
19gjr2ETpmpscb-yOYjt43lcdjVZJY1iZ,Caro,,,,,,,,,
1AYrcZDCAfl1T5zocOqjY1J2Je_T8OA79,Dana,,,,,,,,,
1GLr3fzIYxymz2Woz96V8acTg3Gq5MXiH,Dana,,,,,,,,,
1U4OQ72OWH2EJ12_9wjqlKRMWFaCEHuIx,Other Caro,,,,,,,,,
1c_u3fXeGLLk7K9Dm2j6suTgaB9aiQBRb,Tegwyn,Caro,Other Carolyn,,,,,,,
1KWELEQFMSHcBBa-fFvsJcjSUwM3cZ_wb,Alexi,Mckenna,Perah,,,,,,,
1gF-iU7yIwYKXQLoV9JFXPHH3q7myNM9K,Alexi,,,,,,,,,
1Fwr4rnNBbuuzgladHY7PtvltkA5o7jDQ,Caro,,,,,,,,,
11OInc0cPs_x2ckLcw35zXJV7v1yPkse8,Alexi,,,,,,,,,
1dekfE5vzIDaWuGu71O0ODp0G2x-o_5KK,Caro,,,,,,,,,
1LgXRHsRspJvg8YoNiNmlCLMUMig-7BZE,Mikey,,,,,,,,,
1kKR-weWP_Fxf6gdPphAhwLmoyYVh9Ggj,Caro,,,,,,,,,
16wDtLIsFbEIMWAigcRCLNvIdJqvnFk81,Brandon,,,,,,,,,
1eqa0wYXWfTexOS-ZRaWVFQX4ZOFJw32F,Brandon,,,,,,,,,
18LPmrBTzWlvERavZ6e9Fhcf8pKbhs23H,Caro,,,,,,,,,
1Ol4E19JgQB_f6xdCe0ZGcoDTrg7uZxNq,Caro,Alexi,,,,,,,,
1B8UEu6mdYJHuh5ijuCnbp_UzbEcYP7nX,Alexi,,,,,,,,,
1Iw4Tz9Htg0ViX576ic79f8Ui7ISuElkK,Alexi,,,,,,,,,
1XtfWdkBjoPiBEhXfrMD0UYfZSN9WE3CI,Caro,,,,,,,,,
1gd2qhYpamfz54EBmNXUZViCUmKpc0fPj,Caro,,,,,,,,,
1bWBDpGKT3FaeS51YhjNSqT-ljFdRV-Bx,Caro,Mckenna,Mari Cohen,,,,,,,
1QbEcsY69be9qbN2VICmoiEE0L2MC96ID,Caro,,,,,,,,,
1xpEJ7jsAUNM8Guk5kKE-QOtrkxolxFyH,Alexi,,,,,,,,,
1afQUbKsqgeuWT0FNoMy9MTMLjq6DXavT,Mckenna,,,,,,,,,
1Ji2Ks69hB-aGPh5UK_guAP6PUKDa_pOs,Mckenna,,,,,,,,,
1ur3yC2TvQ3TKznVVdm22S_qhDXyzXvLI,Nick,,,,,,,,,
1a5dN2NA9amSdxT72aSqp60xHGIOXcQs0,Trevor,Perah,,,,,,,,
1ZHuo89fBuDD1Lxr9EehMqwv7r3IU2k_4,Trevor,Perah,,,,,,,,
1DqD4u5lFaolgdsj6ELVvxvjWWFxqrvDZ,Will,,,,,,,,,
1MIrhGEy87cAYm5nSfNw6dyFf35u731ym,Syd,,,,,,,,,
1yE4aluuHJpZjGl6ng7_uoMg4UMjolOqi,Anne,,,,,,,,,
13TQRLUg3tXgt9QR_E9xCS5FKcPdUwVlT,Alexi,Mari,,,,,,,,
1iPspW7L1LCo18r_qz1F_0BpkexOw2t6i,Joe,,,,,,,,,
1VTSOcXksjAq8XOffViIaNjL-vX-61ZfK,Joe,,,,,,,,,
1kzNcZpJZ4mbDP9sBWs7zR1QX0t1_I7oI,Laura,,,,,,,,,
1XMFn8st93BFB3WXLaIQqaKCZI-fMfNIE,Laura,,,,,,,,,
1SE2bwC5zFmIZ3fHLI6xAWVm7V7eA5Oic,Laura,,,,,,,,,
1Jkrz6nga9Ks6_ycnTx6oNnn2yHfel7r9,Tegwyn,,,,,,,,,
19DuRoMBQk5gnNRBhWLLCpS63LhOVQU5s,Tegwyn,,,,,,,,,
1Z9aOTtU-6bWEevHxJWwKsJJKBWhNfVN-,Mckenna,Chris,,,,,,,,
150wMbOUzGkgG8yrYy4v9uY28LOLgyupa,Syd,Chris,,,,,,,,
1LoadECHulM-W1cXnOPJqkoxfA2yRplm3,Chris,,,,,,,,,
1lontGUh6kCz-TBlZyZ7J2gUL4CVSPKtP,Alexi,Other Carolyn,Sonya,Isabelle,Maria,Emma,Tegwyn,,,
1eg41iNIMrsoIowuOlAt8iNBAkJ_Vz0tX,Perah,Rachel,,,,,,,,
11cQrusHrAb1oe8p6gqiUKYV5dr4VdgpE,Alexi,,,,,,,,,
1wgR9-PWqR8kFw3bwysZoqYIQpYvecZKc,Alexi,Dana,Caro,Anne,Perah,Trevor,Isa,Syd,Mckenna,Tegwyn
1Pw2l-Xx31rLkVu2VBQ6w2_43Z_1K05d3,Alexi,Dana,Caro,Anne,Perah,Trevor,Isa,Syd,Mckenna,Tegwyn
1qEP8TO3gKUHp2-qXCXNrwaQ1DliQ3XUs,Alexi,,,,,,,,,
1m6VueMG_XmEq5t2gFEU9nv2DXnwLYjvi,Anne,Alexi,,,,,,,,
1vKKkpUd_o342Lz9EXIWjGglO60c1lXTd,Perah,,,,,,,,,
171ZiAQkfSJrTebIOSwgMZT2aHAp2_RJh,Tegwyn,,,,,,,,,
1Y5zt6a65KwedA6AgTa2KnqY0BSvCZSLX,Mckenna,,,,,,,,,
1pfGOSNY7cNN7DrUbcB1ap72NN0x3q2Bw,Mckenna,,,,,,,,,
13X5lNT8PlWWLynAFhZWcatbipiqkzYbk,,,,,,,,,,